split,lpips,fid,ssim,psnr
val,0.8942783775478601,332.98971646419716,0.12824894972186385,12.913387202447966
