split,lpips,fid,ssim,psnr
test,0.6255316543206573,317.1091958221846,0.08276392620637554,12.01996566011127
