split,lpips,fid,ssim,psnr
val,0.625531659193337,317.1092176618187,0.08276392811021534,12.019965659180452
