split,lpips,fid,ssim,psnr
val,0.6265269972234965,329.0655633377713,0.0784727620008637,11.648760161843775
