split,lpips,fid,ssim,psnr
val,0.6150696217939258,277.90780210915193,0.07308119927496878,12.221511571225976
