split,lpips,fid,ssim,psnr
test,0.6265270019620657,329.065634502751,0.07847276336403178,11.648760152488363
