split,lpips,fid,ssim,psnr
test,0.6150696094930171,277.9079444315704,0.07308119939560544,12.221511573389089
