split,lpips,fid,ssim,psnr
test,0.8942783708870411,332.9897927531603,0.12824894821518593,12.913387197382905
